{
	"hypermemoriesleft": {
		"subtitle": "Wooden - HYPER MEMORIES",
		"sounds": [
			{
				"name": "mymusic:hypermemoriesleft",
				"stream": true
			}
		]
	},
	"hypermemoriesright": {
		"subtitle": "Wooden - HYPER MEMORIES",
		"sounds": [
			{
				"name": "mymusic:hypermemoriesright",
				"stream": true
			}
		]
	},
	"jetlaggleft": {
		"subtitle": "Wooden - JETLAGG!",
		"sounds": [
			{
				"name": "mymusic:jetlaggleft",
				"stream": true
			}
		]
	},
	"jetlaggright": {
		"subtitle": "Wooden - JETLAGG!",
		"sounds": [
			{
				"name": "mymusic:jetlaggright",
				"stream": true
			}
		]
	},
	"liminaldriveleft": {
		"subtitle": "Wooden - LiMiNAL DRIVE",
		"sounds": [
			{
				"name": "mymusic:liminaldriveleft",
				"stream": true
			}
		]
	},
	"liminaldriveright": {
		"subtitle": "Wooden - LiMiNAL DRIVE",
		"sounds": [
			{
				"name": "mymusic:liminaldriveright",
				"stream": true
			}
		]
	},
	"vertigoleft": {
		"subtitle": "Wooden - VERTIGO",
		"sounds": [
			{
				"name": "mymusic:vertigoleft",
				"stream": true
			}
		]
	},
	"vertigoright": {
		"subtitle": "Wooden - VERTIGO",
		"sounds": [
			{
				"name": "mymusic:vertigoright",
				"stream": true
			}
		]
	},
	"luminiferousleft": {
		"subtitle": "Wooden - Luminiferous",
		"sounds": [
			{
				"name": "mymusic:luminiferousleft",
				"stream": true
			}
		]
	},
	"luminiferousright": {
		"subtitle": "Wooden - Luminiferous",
		"sounds": [
			{
				"name": "mymusic:luminiferousright",
				"stream": true
			}
		]
	},
	"honglianhua": {
		"subtitle": "LiSA - 紅蓮華",
		"sounds": [
			{
				"name": "mymusic:honglianhua",
				"stream": true
			}
		]
	}
}